set names utf8;
set foreign_key_checks=0;
drop database if exists musical;
create database musical;
use musical;


/***********************************************************
* 将来はOPENCONNECT：USERSテーブルにて踏襲するため削除予定  **
***********************************************************/


create table orderinfo(
orderinfo_id    int       not null auto_increment,
user_id         int       not null,
ticket_id       int       not null,
card_token      varchar(100),
sheets          int       not null,
total_amount    float     not null,
registered_date timestamp not null default current_timestamp,
primary key(orderinfo_id)
);

create table theater(
theater_id      int          not null auto_increment,
theater_name    varchar(100) not null,
theater_address varchar(255) not null,
registered_date timestamp    not null default current_timestamp,
primary key(theater_id)
);

create table ticket(
ticket_id       int          not null auto_increment,
theater_id      int          not null,
musical_name    varchar(100) not null,
musical_date    timestamp    not null,
ticket_price    float        not null,
registered_date timestamp    not null default current_timestamp,
renew_date      timestamp    not null default current_timestamp on update current_timestamp,
primary key(ticket_id)
);

create table administrator(
id             int         not null auto_increment,
admin_id       varchar(25) binary not null,
admin_password varchar(25) binary not null,
is_login       boolean     default false,
primary key(id),
unique(admin_id)
);

set names utf8;
set foreign_key_checks=0;
use musical;



insert into theater values (1, "霞が関劇場", "東京都千代田区霞が関3-6-15", NOW());
insert into theater values (2, "御茶ノ水劇場", "東京都文京区湯島3-2-12", NOW());
insert into theater values (3, "池尻劇場", "東京都世田谷区三宿一丁目8番19号", NOW());


insert into ticket values (1,1,'2017年秋季公演','2017-10-04 13:00:00',5000,'2017-09-01 11:00:00','2017-09-01 11:00:00');
insert into ticket values (2,1,'2017年秋季公演','2017-10-05 13:00:00',5000,'2017-09-01 11:00:00','2017-09-01 11:00:00');
insert into ticket values (3,2,'2017年秋季公演','2017-10-11 13:00:00',5000,'2017-09-01 11:00:00','2017-09-01 11:00:00');
insert into ticket values (4,2,'2017年秋季公演','2017-10-12 13:00:00',5000,'2017-09-01 11:00:00','2017-09-01 11:00:00');
insert into ticket values (5,1,'2017年秋季公演','2017-10-13 13:00:00',5000,'2017-09-01 11:00:00','2017-09-01 11:00:00');
insert into ticket values (6,1,'2017年秋季公演','2017-10-18 13:00:00',5000,'2017-09-01 11:00:00','2017-09-01 11:00:00');
insert into ticket values (7,2,'2017年秋季公演','2017-10-19 13:00:00',5000,'2017-09-01 11:00:00','2017-09-01 11:00:00');
insert into ticket values (8,2,'2017年秋季公演','2017-10-25 13:00:00',5000,'2017-09-01 11:00:00','2017-09-01 11:00:00');
insert into ticket values (9,2,'2017年秋季公演','2017-10-26 13:00:00',5000,'2017-09-01 11:00:00','2017-09-01 11:00:00');
insert into ticket values (10,1,'2017年秋季公演','2017-11-01 13:00:00',5000,'2017-10-01 11:00:00','2017-10-01 11:00:00');
insert into ticket values (11,1,'2017年秋季公演','2017-11-02 13:00:00',5000,'2017-10-01 11:00:00','2017-10-01 11:00:00');
insert into ticket values (12,1,'2017年秋季公演','2017-11-03 13:00:00',5000,'2017-10-01 11:00:00','2017-10-01 11:00:00');
insert into ticket values (13,2,'2017年秋季公演','2017-11-08 13:00:00',5000,'2017-10-01 11:00:00','2017-10-01 11:00:00');
insert into ticket values (14,2,'2017年秋季公演','2017-11-09 13:00:00',5000,'2017-10-01 11:00:00','2017-10-01 11:00:00');
insert into ticket values (15,3,'2017年秋季公演','2017-11-15 13:00:00',5000,'2017-10-01 11:00:00','2017-10-01 11:00:00');
insert into ticket values (16,3,'2017年秋季公演','2017-11-16 13:00:00',5000,'2017-10-01 11:00:00','2017-10-01 11:00:00');
insert into ticket values (17,1,'2017年秋季公演','2017-11-22 13:00:00',5000,'2017-10-01 11:00:00','2017-10-01 11:00:00');
insert into ticket values (18,1,'2017年秋季公演','2017-11-23 13:00:00',5000,'2017-10-01 11:00:00','2017-10-01 11:00:00');
insert into ticket values (19,1,'2017年秋季公演','2017-11-24 13:00:00',5000,'2017-10-01 11:00:00','2017-10-01 11:00:00');
insert into ticket values (20,3,'2017年秋季公演','2017-11-29 13:00:00',5000,'2017-10-01 11:00:00','2017-10-01 11:00:00');
insert into ticket values (21,3,'2017年秋季公演','2017-11-30 13:00:00',5000,'2017-10-01 11:00:00','2017-10-01 11:00:00');
insert into ticket values (22,2,'2017年12月公演','2017-12-06 13:00:00',4500,'2017-11-01 11:00:00','2017-11-01 11:00:00');
insert into ticket values (23,2,'2017年12月公演','2017-12-07 13:00:00',4500,'2017-11-01 11:00:00','2017-11-01 11:00:00');
insert into ticket values (24,2,'2017年12月公演','2017-12-13 13:00:00',4500,'2017-11-01 11:00:00','2017-11-01 11:00:00');
insert into ticket values (25,2,'2017年12月公演','2017-12-14 13:00:00',4500,'2017-11-01 11:00:00','2017-11-01 11:00:00');
insert into ticket values (26,1,'2017年12月公演','2017-12-20 13:00:00',4500,'2017-11-01 11:00:00','2017-11-01 11:00:00');
insert into ticket values (27,1,'2017年12月公演','2017-12-21 13:00:00',4500,'2017-11-01 11:00:00','2017-11-01 11:00:00');
insert into ticket values (28,1,'2017年12月公演','2017-12-23 13:00:00',4500,'2017-11-01 11:00:00','2017-11-01 11:00:00');
insert into ticket values (29,3,'2017年クリスマス公演','2017-12-23 18:00:00',8000,'2017-11-15 11:00:00','2017-11-15 11:00:00');
insert into ticket values (30,3,'2017年クリスマス公演','2017-12-24 18:00:00',8000,'2017-11-15 11:00:00','2017-11-15 11:00:00');
insert into ticket values (31,3,'2017年クリスマス公演','2017-12-25 18:00:00',8000,'2017-11-15 11:00:00','2017-11-15 11:00:00');
insert into ticket values (32,2,'2017年12月公演','2017-12-27 13:00:00',6000,'2017-11-01 11:00:00','2017-11-01 11:00:00');
insert into ticket values (33,2,'2017年12月公演','2017-12-28 13:00:00',6000,'2017-11-01 11:00:00','2017-11-01 11:00:00');
insert into ticket values (34,1,'2017-2017年年末年始公演','2017-12-28 18:00:00',6500,'2017-11-15 11:00:00','2017-11-15 11:00:00');
insert into ticket values (35,1,'2017-2017年年末年始公演','2017-12-29 18:00:00',6500,'2017-11-15 11:00:00','2017-11-15 11:00:00');
insert into ticket values (36,3,'2017-2017年年末年始公演','2017-12-30 18:00:00',6500,'2017-11-15 11:00:00','2017-11-15 11:00:00');
insert into ticket values (37,3,'2017-2017年年末年始公演','2017-12-31 18:00:00',6500,'2017-11-15 11:00:00','2017-11-15 11:00:00');
insert into ticket values (38,2,'2017-2017年年末年始公演','2017-01-01 13:00:00',6500,'2017-11-15 11:00:00','2017-11-15 11:00:00');
insert into ticket values (39,2,'2017-2017年年末年始公演','2017-01-02 13:00:00',6500,'2017-11-15 11:00:00','2017-11-15 11:00:00');
insert into ticket values (40,1,'2017-2017年年末年始公演','2017-01-03 13:00:00',6500,'2017-11-15 11:00:00','2017-11-15 11:00:00');
insert into ticket values (41,3,'2017-2017年年末年始公演','2017-01-04 13:00:00',6500,'2017-11-15 11:00:00','2017-11-15 11:00:00');
insert into ticket values (42,3,'2017-2017年年末年始公演','2017-01-05 13:00:00',6500,'2017-11-15 11:00:00','2017-11-15 11:00:00');
insert into ticket values (43,1,'2017年冬季公演','2017-01-10 13:00:00',5000,'2017-12-01 11:00:00','2017-12-01 11:00:00');
insert into ticket values (44,1,'2017年冬季公演','2017-01-11 13:00:00',5000,'2017-12-01 11:00:00','2017-12-01 11:00:00');
insert into ticket values (45,1,'2017年冬季公演','2017-01-12 13:00:00',5000,'2017-12-01 11:00:00','2017-12-01 11:00:00');
insert into ticket values (46,2,'2017年冬季公演','2017-01-17 13:00:00',5000,'2017-12-01 11:00:00','2017-12-01 11:00:00');
insert into ticket values (47,2,'2017年冬季公演','2017-01-18 13:00:00',5000,'2017-12-01 11:00:00','2017-12-01 11:00:00');
insert into ticket values (48,1,'2017年冬季公演','2017-01-24 13:00:00',5000,'2017-12-01 11:00:00','2017-12-01 11:00:00');
insert into ticket values (49,1,'2017年冬季公演','2017-01-25 13:00:00',5000,'2017-12-01 11:00:00','2017-12-01 11:00:00');
insert into ticket values (50,2,'2017年冬季公演','2017-01-31 13:00:00',5000,'2017-12-01 11:00:00','2017-12-01 11:00:00');
insert into ticket values (51,2,'2017年冬季公演','2017-02-01 13:00:00',5000,'2017-01-15 11:00:00','2017-01-15 11:00:00');
insert into ticket values (52,1,'2017年冬季公演','2017-02-07 13:00:00',5000,'2017-01-15 11:00:00','2017-01-15 11:00:00');
insert into ticket values (53,1,'2017年冬季公演','2017-02-08 13:00:00',5000,'2017-01-15 11:00:00','2017-01-15 11:00:00');
insert into ticket values (54,2,'2017年冬季公演','2017-02-14 13:00:00',5000,'2017-01-15 11:00:00','2017-01-15 11:00:00');
insert into ticket values (55,2,'2017年冬季公演','2017-02-15 13:00:00',5000,'2017-01-15 11:00:00','2017-01-15 11:00:00');
insert into ticket values (56,1,'2017年冬季公演','2017-02-21 13:00:00',5000,'2017-01-15 11:00:00','2017-01-15 11:00:00');
insert into ticket values (57,1,'2017年冬季公演','2017-02-22 13:00:00',5000,'2017-01-15 11:00:00','2017-01-15 11:00:00');
insert into ticket values (58,2,'2017年冬季公演','2017-02-28 13:00:00',5000,'2017-01-15 11:00:00','2017-01-15 11:00:00');
insert into ticket values (59,2,'2017年春季公演','2017-03-01 13:00:00',4500,'2017-02-01 11:00:00','2017-02-01 11:00:00');
insert into ticket values (60,1,'2017年春季公演','2017-03-07 13:00:00',4500,'2017-02-01 11:00:00','2017-02-01 11:00:00');
insert into ticket values (61,1,'2017年春季公演','2017-03-08 13:00:00',4500,'2017-02-01 11:00:00','2017-02-01 11:00:00');
insert into ticket values (62,1,'2017年春季公演','2017-03-14 13:00:00',4500,'2017-02-01 11:00:00','2017-02-01 11:00:00');
insert into ticket values (63,1,'2017年春季公演','2017-03-15 13:00:00',4500,'2017-02-01 11:00:00','2017-02-01 11:00:00');
insert into ticket values (64,3,'2017年春季公演','2017-03-21 13:00:00',4500,'2017-02-01 11:00:00','2017-02-01 11:00:00');
insert into ticket values (65,3,'2017年春季公演','2017-03-22 13:00:00',4500,'2017-02-01 11:00:00','2017-02-01 11:00:00');
insert into ticket values (66,2,'2017年春季公演','2017-03-28 13:00:00',4500,'2017-02-01 11:00:00','2017-02-01 11:00:00');
insert into ticket values (67,2,'2017年春季公演','2017-03-29 13:00:00',4500,'2017-02-01 11:00:00','2017-02-01 11:00:00');
insert into ticket values (68,1,'2017年春季公演','2017-04-04 13:00:00',4500,'2017-02-01 11:00:00','2017-02-01 11:00:00');
insert into ticket values (69,1,'2017年春季公演','2017-04-05 13:00:00',4500,'2017-02-01 11:00:00','2017-02-01 11:00:00');
insert into ticket values (70,2,'2017年春季公演','2017-04-11 13:00:00',4500,'2017-02-01 11:00:00','2017-02-01 11:00:00');
insert into ticket values (71,2,'2017年春季公演','2017-04-12 13:00:00',4500,'2017-02-01 11:00:00','2017-02-01 11:00:00');
insert into ticket values (72,2,'2017年春季公演','2017-04-18 13:00:00',4500,'2017-02-01 11:00:00','2017-02-01 11:00:00');
insert into ticket values (73,2,'2017年春季公演','2017-04-19 13:00:00',4500,'2017-02-01 11:00:00','2017-02-01 11:00:00');
insert into ticket values (74,2,'2017年春季公演','2017-04-25 13:00:00',4500,'2017-02-01 11:00:00','2017-02-01 11:00:00');
insert into ticket values (75,2,'2017年春季公演','2017-04-26 13:00:00',4500,'2017-02-01 11:00:00','2017-02-01 11:00:00');
insert into ticket values (76,3,'2017年春季公演','2017-04-29 13:00:00',4500,'2017-02-01 11:00:00','2017-02-01 11:00:00');
insert into ticket values (77,1,'2017年春季公演','2017-05-02 13:00:00',6000,'2017-03-01 11:00:00','2017-03-01 11:00:00');
insert into ticket values (78,1,'2017年春季公演','2017-05-03 13:00:00',6000,'2017-03-01 11:00:00','2017-03-01 11:00:00');
insert into ticket values (79,2,'2017年春季公演','2017-05-04 13:00:00',6000,'2017-03-01 11:00:00','2017-03-01 11:00:00');
insert into ticket values (80,2,'2017年春季公演','2017-05-05 13:00:00',6000,'2017-03-01 11:00:00','2017-03-01 11:00:00');
insert into ticket values (81,2,'2017年春季公演','2017-05-06 13:00:00',6000,'2017-03-01 11:00:00','2017-03-01 11:00:00');
insert into ticket values (82,3,'2017年ゴールデンウィーク公演','2017-05-02 18:00:00',7500,'2017-03-01 11:00:00','2017-03-01 11:00:00');
insert into ticket values (83,3,'2017年ゴールデンウィーク公演','2017-05-03 18:00:00',7500,'2017-03-01 11:00:00','2017-03-01 11:00:00');
insert into ticket values (84,3,'2017年ゴールデンウィーク公演','2017-05-04 18:00:00',7500,'2017-03-01 11:00:00','2017-03-01 11:00:00');
insert into ticket values (85,3,'2017年ゴールデンウィーク公演','2017-05-05 18:00:00',7500,'2017-03-01 11:00:00','2017-03-01 11:00:00');
insert into ticket values (86,3,'2017年ゴールデンウィーク公演','2017-05-06 18:00:00',7500,'2017-03-01 11:00:00','2017-03-01 11:00:00');
insert into ticket values (87,2,'2017年春季公演','2017-05-09 13:00:00',4500,'2017-03-01 11:00:00','2017-03-01 11:00:00');
insert into ticket values (88,2,'2017年春季公演','2017-05-10 13:00:00',4500,'2017-03-01 11:00:00','2017-03-01 11:00:00');
insert into ticket values (89,2,'2017年春季公演','2017-05-16 13:00:00',4500,'2017-03-01 11:00:00','2017-03-01 11:00:00');
insert into ticket values (90,2,'2017年春季公演','2017-05-17 13:00:00',4500,'2017-03-01 11:00:00','2017-03-01 11:00:00');
insert into ticket values (91,1,'2017年春季公演','2017-05-23 13:00:00',4500,'2017-03-01 11:00:00','2017-03-01 11:00:00');
insert into ticket values (92,1,'2017年春季公演','2017-05-24 13:00:00',4500,'2017-03-01 11:00:00','2017-03-01 11:00:00');
insert into ticket values (93,2,'2017年春季公演','2017-05-30 13:00:00',4500,'2017-03-01 11:00:00','2017-03-01 11:00:00');
insert into ticket values (94,2,'2017年春季公演','2017-05-31 13:00:00',4500,'2017-03-01 11:00:00','2017-03-01 11:00:00');
insert into ticket values (95,1,'2017年夏季公演','2017-06-06 13:00:00',5000,'2017-03-01 11:00:00','2017-03-01 11:00:00');
insert into ticket values (96,1,'2017年夏季公演','2017-06-07 13:00:00',5000,'2017-03-01 11:00:00','2017-03-01 11:00:00');
insert into ticket values (97,1,'2017年夏季公演','2017-06-13 13:00:00',5000,'2017-03-01 11:00:00','2017-03-01 11:00:00');
insert into ticket values (98,1,'2017年夏季公演','2017-06-14 13:00:00',5000,'2017-03-01 11:00:00','2017-03-01 11:00:00');
insert into ticket values (99,1,'2017年夏季公演','2017-06-20 13:00:00',5000,'2017-03-01 11:00:00','2017-03-01 11:00:00');
insert into ticket values (100,1,'2017年夏季公演','2017-06-21 13:00:00',5000,'2017-03-01 11:00:00','2017-03-01 11:00:00');
insert into ticket values (101,1,'2017年夏季公演','2017-06-27 13:00:00',5000,'2017-03-01 11:00:00','2017-03-01 11:00:00');
insert into ticket values (102,1,'2017年夏季公演','2017-06-28 13:00:00',5000,'2017-03-01 11:00:00','2017-03-01 11:00:00');
insert into ticket values (103,2,'2017年夏季公演','2017-07-04 13:00:00',5000,'2017-04-01 11:00:00','2017-04-01 11:00:00');
insert into ticket values (104,2,'2017年夏季公演','2017-07-05 13:00:00',5000,'2017-04-01 11:00:00','2017-04-01 11:00:00');
insert into ticket values (105,2,'2017年夏季公演','2017-07-11 13:00:00',5000,'2017-04-01 11:00:00','2017-04-01 11:00:00');
insert into ticket values (106,2,'2017年夏季公演','2017-07-12 13:00:00',5000,'2017-04-01 11:00:00','2017-04-01 11:00:00');
insert into ticket values (107,1,'2017年夏季公演','2017-07-18 13:00:00',6000,'2017-04-01 11:00:00','2017-04-01 11:00:00');
insert into ticket values (108,1,'2017年夏季公演','2017-07-19 13:00:00',6000,'2017-04-01 11:00:00','2017-04-01 11:00:00');
insert into ticket values (109,3,'2017年夏季公演','2017-07-20 13:00:00',6000,'2017-04-01 11:00:00','2017-04-01 11:00:00');
insert into ticket values (110,3,'2017年夏季公演','2017-07-25 13:00:00',6000,'2017-04-01 11:00:00','2017-04-01 11:00:00');
insert into ticket values (111,3,'2017年夏季公演','2017-07-26 13:00:00',6000,'2017-04-01 11:00:00','2017-04-01 11:00:00');
insert into ticket values (112,2,'2017年夏季公演','2017-08-01 13:00:00',6000,'2017-04-01 11:00:00','2017-04-01 11:00:00');
insert into ticket values (113,2,'2017年夏季公演','2017-08-02 13:00:00',6000,'2017-04-01 11:00:00','2017-04-01 11:00:00');
insert into ticket values (114,2,'2017年夏季公演','2017-08-08 13:00:00',6000,'2017-04-01 11:00:00','2017-04-01 11:00:00');
insert into ticket values (115,2,'2017年夏季公演','2017-08-09 13:00:00',6000,'2017-04-01 11:00:00','2017-04-01 11:00:00');
insert into ticket values (116,2,'2017年夏季公演','2017-08-10 13:00:00',6000,'2017-04-01 11:00:00','2017-04-01 11:00:00');
insert into ticket values (117,1,'2017年夏季公演','2017-08-11 13:00:00',6000,'2017-04-01 11:00:00','2017-04-01 11:00:00');
insert into ticket values (118,1,'2017年夏季公演','2017-08-12 13:00:00',6000,'2017-04-01 11:00:00','2017-04-01 11:00:00');
insert into ticket values (119,1,'2017年夏季公演','2017-08-13 13:00:00',6000,'2017-04-01 11:00:00','2017-04-01 11:00:00');
insert into ticket values (120,2,'2017年夏季公演','2017-08-14 13:00:00',6000,'2017-04-01 11:00:00','2017-04-01 11:00:00');
insert into ticket values (121,2,'2017年夏季公演','2017-08-15 13:00:00',6000,'2017-04-01 11:00:00','2017-04-01 11:00:00');
insert into ticket values (122,2,'2017年夏季公演','2017-08-16 13:00:00',6000,'2017-04-01 11:00:00','2017-04-01 11:00:00');
insert into ticket values (123,3,'2017年お盆公演','2017-08-08 18:00:00',7000,'2017-05-01 11:00:00','2017-05-01 11:00:00');
insert into ticket values (124,3,'2017年お盆公演','2017-08-09 18:00:00',7000,'2017-05-01 11:00:00','2017-05-01 11:00:00');
insert into ticket values (125,3,'2017年お盆公演','2017-08-10 18:00:00',7000,'2017-05-01 11:00:00','2017-05-01 11:00:00');
insert into ticket values (126,3,'2017年お盆公演','2017-08-11 18:00:00',7000,'2017-05-01 11:00:00','2017-05-01 11:00:00');
insert into ticket values (127,3,'2017年お盆公演','2017-08-12 18:00:00',7000,'2017-05-01 11:00:00','2017-05-01 11:00:00');
insert into ticket values (128,3,'2017年お盆公演','2017-08-13 18:00:00',7000,'2017-05-01 11:00:00','2017-05-01 11:00:00');
insert into ticket values (129,3,'2017年お盆公演','2017-08-14 18:00:00',7000,'2017-05-01 11:00:00','2017-05-01 11:00:00');
insert into ticket values (130,3,'2017年お盆公演','2017-08-15 18:00:00',7000,'2017-05-01 11:00:00','2017-05-01 11:00:00');
insert into ticket values (131,3,'2017年お盆公演','2017-08-16 18:00:00',7000,'2017-05-01 11:00:00','2017-05-01 11:00:00');
insert into ticket values (132,1,'2017年夏季公演','2017-08-22 13:00:00',6000,'2017-05-01 11:00:00','2017-05-01 11:00:00');
insert into ticket values (133,1,'2017年夏季公演','2017-08-23 13:00:00',6000,'2017-05-01 11:00:00','2017-05-01 11:00:00');
insert into ticket values (134,1,'2017年夏季公演','2017-08-29 13:00:00',6000,'2017-05-01 11:00:00','2017-05-01 11:00:00');
insert into ticket values (135,1,'2017年夏季公演','2017-08-30 13:00:00',6000,'2017-05-01 11:00:00','2017-05-01 11:00:00');
insert into ticket values (136,2,'2017年秋季公演','2017-09-05 13:00:00',5000,'2017-06-01 11:00:00','2017-06-01 11:00:00');
insert into ticket values (137,2,'2017年秋季公演','2017-09-06 13:00:00',5000,'2017-06-01 11:00:00','2017-06-01 11:00:00');
insert into ticket values (138,2,'2017年秋季公演','2017-09-12 13:00:00',5000,'2017-06-01 11:00:00','2017-06-01 11:00:00');
insert into ticket values (139,2,'2017年秋季公演','2017-09-13 13:00:00',5000,'2017-06-01 11:00:00','2017-06-01 11:00:00');
insert into ticket values (140,1,'2017年秋季公演','2017-09-19 13:00:00',5000,'2017-06-01 11:00:00','2017-06-01 11:00:00');
insert into ticket values (141,1,'2017年秋季公演','2017-09-20 13:00:00',5000,'2017-06-01 11:00:00','2017-06-01 11:00:00');
insert into ticket values (142,1,'2017年秋季公演','2017-09-21 13:00:00',5000,'2017-06-01 11:00:00','2017-06-01 11:00:00');
insert into ticket values (143,1,'2017年秋季公演','2017-09-22 13:00:00',5000,'2017-06-01 11:00:00','2017-06-01 11:00:00');
insert into ticket values (144,1,'2017年秋季公演','2017-09-23 13:00:00',5000,'2017-06-01 11:00:00','2017-06-01 11:00:00');
insert into ticket values (145,2,'2017年シルバーウィーク公演','2017-09-19 18:00:00',6000,'2017-06-01 11:00:00','2017-06-01 11:00:00');
insert into ticket values (146,2,'2017年シルバーウィーク公演','2017-09-20 18:00:00',6000,'2017-06-01 11:00:00','2017-06-01 11:00:00');
insert into ticket values (147,2,'2017年シルバーウィーク公演','2017-09-21 18:00:00',6000,'2017-06-01 11:00:00','2017-06-01 11:00:00');
insert into ticket values (148,2,'2017年シルバーウィーク公演','2017-09-22 18:00:00',6000,'2017-06-01 11:00:00','2017-06-01 11:00:00');
insert into ticket values (149,2,'2017年シルバーウィーク公演','2017-09-23 18:00:00',6000,'2017-06-01 11:00:00','2017-06-01 11:00:00');
insert into ticket values (150,3,'2017年秋季公演','2017-09-26 13:00:00',5000,'2017-06-01 11:00:00','2017-06-01 11:00:00');
insert into ticket values (151,3,'2017年秋季公演','2017-09-27 13:00:00',5000,'2017-06-01 11:00:00','2017-06-01 11:00:00');
insert into ticket values (152,2,'2017年秋季公演','2017-10-03 13:00:00',5000,'2017-07-01 11:00:00','2017-07-01 11:00:00');
insert into ticket values (153,2,'2017年秋季公演','2017-10-04 13:00:00',5000,'2017-07-01 11:00:00','2017-07-01 11:00:00');
insert into ticket values (154,2,'2017年秋季公演','2017-10-10 13:00:00',5000,'2017-07-01 11:00:00','2017-07-01 11:00:00');
insert into ticket values (155,2,'2017年秋季公演','2017-10-11 13:00:00',5000,'2017-07-01 11:00:00','2017-07-01 11:00:00');
insert into ticket values (156,2,'2017年秋季公演','2017-10-12 13:00:00',5000,'2017-07-01 11:00:00','2017-07-01 11:00:00');
insert into ticket values (157,1,'2017年秋季公演','2017-10-17 13:00:00',5000,'2017-07-01 11:00:00','2017-07-01 11:00:00');
insert into ticket values (158,1,'2017年秋季公演','2017-10-18 13:00:00',5000,'2017-07-01 11:00:00','2017-07-01 11:00:00');
insert into ticket values (159,2,'2017年秋季公演','2017-10-24 13:00:00',5000,'2017-07-01 11:00:00','2017-07-01 11:00:00');
insert into ticket values (160,2,'2017年秋季公演','2017-10-25 13:00:00',5000,'2017-07-01 11:00:00','2017-07-01 11:00:00');
insert into ticket values (161,1,'2017年秋季公演','2017-10-31 13:00:00',5000,'2017-07-01 11:00:00','2017-07-01 11:00:00');
insert into ticket values (162,1,'2017年秋季公演','2017-11-01 13:00:00',4500,'2017-07-01 11:00:00','2017-07-01 11:00:00');
insert into ticket values (163,1,'2017年秋季公演','2017-11-03 13:00:00',4500,'2017-07-01 11:00:00','2017-07-01 11:00:00');
insert into ticket values (164,1,'2017年秋季公演','2017-11-07 13:00:00',4500,'2017-07-01 11:00:00','2017-07-01 11:00:00');
insert into ticket values (165,1,'2017年秋季公演','2017-11-08 13:00:00',4500,'2017-07-01 11:00:00','2017-07-01 11:00:00');
insert into ticket values (166,2,'2017年秋季公演','2017-11-14 13:00:00',4500,'2017-07-01 11:00:00','2017-07-01 11:00:00');
insert into ticket values (167,2,'2017年秋季公演','2017-11-15 13:00:00',4500,'2017-07-01 11:00:00','2017-07-01 11:00:00');
insert into ticket values (168,3,'2017年秋季公演','2017-11-21 13:00:00',4500,'2017-07-01 11:00:00','2017-07-01 11:00:00');
insert into ticket values (169,3,'2017年秋季公演','2017-11-22 13:00:00',4500,'2017-07-01 11:00:00','2017-07-01 11:00:00');
insert into ticket values (170,3,'2017年秋季公演','2017-11-23 13:00:00',4500,'2017-07-01 11:00:00','2017-07-01 11:00:00');
insert into ticket values (171,1,'2017年秋季公演','2017-11-28 13:00:00',4500,'2017-07-01 11:00:00','2017-07-01 11:00:00');
insert into ticket values (172,1,'2017年秋季公演','2017-11-29 13:00:00',4500,'2017-07-01 11:00:00','2017-07-01 11:00:00');
insert into ticket values (173,2,'2017年12月公演','2017-12-05 13:00:00',5500,'2017-08-01 11:00:00','2017-08-01 11:00:00');
insert into ticket values (174,2,'2017年12月公演','2017-12-06 13:00:00',5500,'2017-08-01 11:00:00','2017-08-01 11:00:00');
insert into ticket values (175,1,'2017年12月公演','2017-12-12 13:00:00',5500,'2017-08-01 11:00:00','2017-08-01 11:00:00');
insert into ticket values (176,1,'2017年12月公演','2017-12-13 13:00:00',5500,'2017-08-01 11:00:00','2017-08-01 11:00:00');
insert into ticket values (177,1,'2017年12月公演','2017-12-19 13:00:00',5500,'2017-08-01 11:00:00','2017-08-01 11:00:00');
insert into ticket values (178,1,'2017年12月公演','2017-12-20 13:00:00',5500,'2017-08-01 11:00:00','2017-08-01 11:00:00');
insert into ticket values (179,1,'2017年12月公演','2017-12-23 13:00:00',5500,'2017-08-01 11:00:00','2017-08-01 11:00:00');
insert into ticket values (180,3,'2017年クリスマス公演','2017-12-23 18:00:00',8000,'2017-08-01 11:00:00','2017-08-01 11:00:00');
insert into ticket values (181,3,'2017年クリスマス公演','2017-12-24 18:00:00',8000,'2017-08-01 11:00:00','2017-08-01 11:00:00');
insert into ticket values (182,3,'2017年クリスマス公演','2017-12-25 18:00:00',8000,'2017-08-01 11:00:00','2017-08-01 11:00:00');
insert into ticket values (183,2,'2017年12月公演','2017-12-26 13:00:00',6000,'2017-08-01 11:00:00','2017-08-01 11:00:00');
insert into ticket values (184,2,'2017年12月公演','2017-12-27 13:00:00',6000,'2017-08-01 11:00:00','2017-08-01 11:00:00');
insert into ticket values (185,1,'2017-2017年年末年始公演','2017-12-26 18:00:00',6500,'2017-09-01 10:00:00','2017-09-01 10:00:00');
insert into ticket values (186,1,'2017-2017年年末年始公演','2017-12-27 18:00:00',6500,'2017-09-01 10:00:00','2017-09-01 10:00:00');
insert into ticket values (187,3,'2017-2017年年末年始公演','2017-12-28 18:00:00',6500,'2017-09-01 10:00:00','2017-09-01 10:00:00');
insert into ticket values (188,3,'2017-2017年年末年始公演','2017-12-29 18:00:00',6500,'2017-09-01 10:00:00','2017-09-01 10:00:00');
insert into ticket values (189,3,'2017-2017年年末年始公演','2017-12-30 18:00:00',6500,'2017-09-01 10:00:00','2017-09-01 10:00:00');
insert into ticket values (190,3,'2017-2017年年末年始公演','2017-12-31 18:00:00',6500,'2017-09-01 10:00:00','2017-09-01 10:00:00');
insert into ticket values (191,1,'2017-2017年年末年始公演','2017-01-01 13:00:00',6500,'2017-09-01 10:00:00','2017-09-01 10:00:00');
insert into ticket values (192,1,'2017-2017年年末年始公演','2017-01-02 13:00:00',6500,'2017-09-01 10:00:00','2017-09-01 10:00:00');
insert into ticket values (193,1,'2017-2017年年末年始公演','2017-01-03 13:00:00',6500,'2017-09-01 10:00:00','2017-09-01 10:00:00');
insert into ticket values (194,2,'2017年冬季公演','2017-01-09 13:00:00',5000,'2017-09-01 10:00:00','2017-09-01 10:00:00');
insert into ticket values (195,2,'2017年冬季公演','2017-01-10 13:00:00',5000,'2017-09-01 10:00:00','2017-09-01 10:00:00');
insert into ticket values (196,2,'2017年冬季公演','2017-01-11 13:00:00',5000,'2017-09-01 10:00:00','2017-09-01 10:00:00');
insert into ticket values (197,1,'2017年冬季公演','2017-01-16 13:00:00',5000,'2017-09-01 10:00:00','2017-09-01 10:00:00');
insert into ticket values (198,1,'2017年冬季公演','2017-01-17 13:00:00',5000,'2017-09-01 10:00:00','2017-09-01 10:00:00');
insert into ticket values (199,2,'2017年冬季公演','2017-01-23 13:00:00',5000,'2017-09-01 10:00:00','2017-09-01 10:00:00');
insert into ticket values (200,2,'2017年冬季公演','2017-01-24 13:00:00',5000,'2017-09-01 10:00:00','2017-09-01 10:00:00');
insert into ticket values (201,1,'2017年冬季公演','2017-01-30 13:00:00',5000,'2017-09-01 10:00:00','2017-09-01 10:00:00');
insert into ticket values (202,1,'2017年冬季公演','2017-01-31 13:00:00',5000,'2017-09-01 10:00:00','2017-09-01 10:00:00');
insert into ticket values (203,3,'2017年冬季公演','2017-02-06 13:00:00',4500,'2017-10-01 12:00:00','2017-10-01 12:00:00');
insert into ticket values (204,3,'2017年冬季公演','2017-02-07 13:00:00',4500,'2017-10-01 12:00:00','2017-10-01 12:00:00');
insert into ticket values (205,2,'2017年冬季公演','2017-02-13 13:00:00',4500,'2017-10-01 12:00:00','2017-10-01 12:00:00');
insert into ticket values (206,2,'2017年冬季公演','2017-02-14 13:00:00',4500,'2017-10-01 12:00:00','2017-10-01 12:00:00');
insert into ticket values (207,2,'2017年冬季公演','2017-02-20 13:00:00',4500,'2017-10-01 12:00:00','2017-10-01 12:00:00');
insert into ticket values (208,2,'2017年冬季公演','2017-02-21 13:00:00',4500,'2017-10-01 12:00:00','2017-10-01 12:00:00');
insert into ticket values (209,1,'2017年冬季公演','2017-02-27 13:00:00',4500,'2017-10-01 12:00:00','2017-10-01 12:00:00');
insert into ticket values (210,1,'2017年冬季公演','2017-02-28 13:00:00',4500,'2017-10-01 12:00:00','2017-10-01 12:00:00');


insert into orderinfo values (1, 1, 1, "__token1__", 4, 20000, '2017-08-01 15:00:00');
insert into orderinfo values (2, 1, 30, "__token1__", 2, 16000, '2017-09-14 15:00:00');
insert into orderinfo values (3, 1, 110, "__token1__", 2, 12000, '2017-05-12 15:00:00');
insert into orderinfo values (4, 1, 182, "__token1__", 2, 16000, '2017-09-22 15:00:00');
insert into orderinfo values (5, 2, 13, "__token2__", 3, 15000, '2017-08-16 15:00:00');
insert into orderinfo values (6, 2, 26, "__token2__", 2, 9000, '2017-10-03 15:00:00');
insert into orderinfo values (7, 3, 35, "__token3__", 2, 13000, '2017-10-10 15:00:00');
insert into orderinfo values (8, 3, 84, "__token3__", 2, 15000, '2017-01-06 15:00:00');
insert into orderinfo values (9, 3, 103, "__token3__", 1, 5000, '2017-05-18 15:00:00');
insert into orderinfo values (10, 4, 86, "__token4__", 1, 7500, '2017-03-22 15:00:00');
insert into orderinfo values (11, 5, 4, "__token5__", 4, 20000, '2017-08-29 15:00:00');
insert into orderinfo values (12, 6, 5, "__token6__", 3, 15000, '2017-09-19 15:00:00');
insert into orderinfo values (13, 6, 8, "__token6__", 4, 20000, '2017-09-27 15:00:00');
insert into orderinfo values (14, 7, 10, "__token7__", 1, 5000, '2017-10-02 15:00:00');
insert into orderinfo values (15, 8, 22, "__token8__", 2, 9000, '2017-10-02 15:00:00');
insert into orderinfo values (16, 9, 29, "__token9__", 2, 16000, '2017-10-14 15:00:00');
insert into orderinfo values (17, 9, 55, "__token9__", 3, 15000, '2017-01-07 15:00:00');
insert into orderinfo values (18, 9, 52, "__token9__", 4, 20000, '2017-12-17 15:00:00');
insert into orderinfo values (19, 10, 31, "__token10__", 4, 32000, '2017-11-19 15:00:00');
insert into orderinfo values (20, 11, 24, "__token11__", 1, 4500, '2017-10-09 15:00:00');
insert into orderinfo values (21, 12, 18, "__token12__", 3, 15000, '2017-10-08 15:00:00');
insert into orderinfo values (22, 12, 2, "__token12__", 4, 20000, '2017-09-03 15:00:00');
insert into orderinfo values (23, 13, 7, "__token13__", 4, 20000, '2017-09-20 15:00:00');
insert into orderinfo values (24, 13, 12, "__token13__", 2, 10000, '2017-09-07 15:00:00');
insert into orderinfo values (25, 13, 13, "__token13__", 3, 15000, '2017-09-30 15:00:00');
insert into orderinfo values (26, 13, 16, "__token13__", 4, 20000, '2017-10-09 15:00:00');
insert into orderinfo values (27, 13, 25, "__token13__", 2, 9000, '2017-10-03 15:00:00');
insert into orderinfo values (28, 14, 30, "__token14__", 3, 24000, '2017-11-01 15:00:00');
insert into orderinfo values (29, 15, 34, "__token15__", 2, 13000, '2017-11-03 15:00:00');
insert into orderinfo values (30, 16, 43, "__token16__", 4, 20000, '2017-12-02 15:00:00');
insert into orderinfo values (31, 16, 156, "__token16__", 4, 20000, '2017-09-10 15:00:00');
insert into orderinfo values (32, 17, 108, "__token17__", 4, 24000, '2017-06-02 15:00:00');
insert into orderinfo values (33, 18, 123, "__token18__", 1, 7000, '2017-07-01 15:00:00');
insert into orderinfo values (34, 19, 130, "__token19__", 4, 28000, '2017-07-14 15:00:00');
insert into orderinfo values (35, 19, 175, "__token19__", 2, 11000, '2017-10-11 15:00:00');
insert into orderinfo values (36, 19, 147, "__token19__", 1, 6000, '2017-08-13 15:00:00');
insert into orderinfo values (37, 20, 124, "__token20__", 4, 28000, '2017-07-14 15:00:00');
insert into orderinfo values (38, 21, 175, "__token21__", 2, 11000, '2017-10-22 15:00:00');
insert into orderinfo values (39, 21, 46, "__token21__", 1, 5000, '2017-12-21 15:00:00');
insert into orderinfo values (40, 21, 40, "__token21__", 2, 13000, '2017-11-19 15:00:00');
insert into orderinfo values (41, 22, 35, "__token22__", 4, 26000, '2017-11-18 15:00:00');
insert into orderinfo values (42, 23, 29, "__token23__", 4, 32000, '2017-11-02 15:00:00');
insert into orderinfo values (43, 23, 50, "__token23__", 1, 5000, '2017-12-07 15:00:00');
insert into orderinfo values (44, 23, 148, "__token23__", 2, 12000, '2017-08-20 15:00:00');
insert into orderinfo values (45, 23, 176, "__token23__", 1, 5500, '2017-10-29 15:00:00');
insert into orderinfo values (46, 24, 180, "__token24__", 4, 32000, '2017-11-07 15:00:00');
insert into orderinfo values (47, 24, 188, "__token24__", 4, 13000, '2017-12-05 15:00:00');
insert into orderinfo values (48, 25, 145, "__token25__", 2, 12000, '2017-08-01 15:00:00');
insert into orderinfo values (49, 26, 129, "__token26__", 4, 28000, '2017-07-16 15:00:00');
insert into orderinfo values (50, 27, 180, "__token27__", 2, 16000, '2017-11-05 15:00:00');
insert into orderinfo values (51, 27, 140, "__token27__", 4, 20000, '2017-08-10 15:00:00');
insert into orderinfo values (52, 27, 100, "__token27__", 4, 20000, '2017-05-06 15:00:00');
insert into orderinfo values (53, 27, 82, "__token27__", 4, 30000, '2017-03-22 15:00:00');
insert into orderinfo values (54, 27, 59, "__token27__", 2, 9000, '2017-02-02 15:00:00');
insert into orderinfo values (55, 27, 51, "__token27__", 4, 20000, '2017-12-22 15:00:00');
insert into orderinfo values (56, 27, 39, "__token27__", 1, 6500, '2017-11-21 15:00:00');
insert into orderinfo values (57, 27, 9, "__token27__", 2, 10000, '2017-08-01 15:00:00');
insert into orderinfo values (58, 27, 42, "__token27__", 4, 26000, '2017-11-30 15:00:00');
insert into orderinfo values (59, 27, 47, "__token27__", 4, 20000, '2017-12-25 15:00:00');
insert into orderinfo values (60, 28, 189, "__token28__", 2, 13000, '2017-11-24 15:00:00');
insert into orderinfo values (61, 29, 54, "__token29__", 3, 15000, '2017-12-10 15:00:00');
insert into orderinfo values (62, 29, 26, "__token29__", 4, 18000, '2017-10-07 15:00:00');
insert into orderinfo values (63, 29, 20, "__token29__", 4, 20000, '2017-10-01 15:00:00');
insert into orderinfo values (64, 29, 28, "__token29__", 2, 9000, '2017-10-11 15:00:00');
insert into orderinfo values (65, 29, 39, "__token29__", 1, 6500, '2017-11-18 15:00:00');
insert into orderinfo values (66, 29, 82, "__token29__", 4, 30000, '2017-04-12 15:00:00');
insert into orderinfo values (67, 29, 174, "__token29__", 4, 22000, '2017-11-01 15:00:00');
insert into orderinfo values (68, 29, 181, "__token29__", 2, 16000, '2017-11-16 15:00:00');
insert into orderinfo values (69, 30, 95, "__token30__", 2, 10000, '2017-04-22 15:00:00');
insert into orderinfo values (70, 30, 50, "__token30__", 4, 20000, '2017-12-10 15:00:00');
insert into orderinfo values (71, 30, 41, "__token30__", 1, 6500, '2017-11-18 15:00:00');
insert into orderinfo values (72, 30, 128, "__token30__", 2, 14000, '2017-07-03 15:00:00');
insert into orderinfo values (73, 30, 140, "__token30__", 4, 20000, '2017-08-01 15:00:00');
insert into orderinfo values (74, 30, 148, "__token30__", 2, 12000, '2017-08-18 15:00:00');
insert into orderinfo values (75, 30, 166, "__token30__", 1, 4500, '2017-09-02 15:00:00');
insert into orderinfo values (76, 30, 177, "__token30__", 4, 22000, '2017-10-31 15:00:00');
insert into orderinfo values (77, 30, 182, "__token30__", 4, 32000, '2017-11-21 15:00:00');
insert into orderinfo values (78, 30, 83, "__token30__", 4, 30000, '2017-04-03 15:00:00');
insert into orderinfo values (79, 30, 60, "__token30__", 2, 9000, '2017-01-09 15:00:00');
insert into orderinfo values (80, 30, 40, "__token30__", 2, 13000, '2017-11-22 15:00:00');
insert into orderinfo values (81, 31, 1, null, 1, 5000, '2017-09-02 15:00:00');
insert into orderinfo values (82, 31, 2, null, 4, 20000, '2017-09-23 15:00:00');
insert into orderinfo values (83, 32, 7, null, 1, 5000, '2017-10-02 15:00:00');
insert into orderinfo values (84, 34, 10, null, 2, 10000, '2017-09-12 15:00:00');
insert into orderinfo values (85, 35, 16, null, 1, 5000, '2017-09-10 15:00:00');
insert into orderinfo values (86, 37, 22, null, 2, 9000, '2017-10-03 15:00:00');
insert into orderinfo values (87, 38, 26, null, 1, 4500, '2017-10-05 15:00:00');
insert into orderinfo values (88, 38, 31, null, 2, 16000, '2017-11-08 15:00:00');
insert into orderinfo values (89, 39, 19, null, 2, 10000, '2017-10-11 15:00:00');
insert into orderinfo values (90, 41, 15, null, 1, 5000, '2017-09-03 15:00:00');
insert into orderinfo values (91, 44, 4, null, 1, 5000, '2017-09-18 15:00:00');
insert into orderinfo values (92, 44, 1, null, 2, 10000, '2017-08-07 15:00:00');
insert into orderinfo values (93, 44, 5, null, 1, 5000, '2017-08-29 15:00:00');
insert into orderinfo values (94, 48, 9, null, 2, 10000, '2017-09-25 15:00:00');
insert into orderinfo values (95, 49, 13, null, 1, 5000, '2017-10-03 15:00:00');
insert into orderinfo values (96, 50, 17, null, 1, 5000, '2017-10-03 15:00:00');
insert into orderinfo values (97, 51, 18, null, 3, 15000, '2017-10-05 15:00:00');
insert into orderinfo values (98, 52, 29, null, 2, 16000, '2017-10-21 15:00:00');
insert into orderinfo values (99, 54, 33, null, 2, 12000, '2017-11-03 15:00:00');
insert into orderinfo values (100, 54, 30, null, 1, 8000, '2017-10-29 15:00:00');
insert into orderinfo values (101, 57, 20, null, 1, 5000, '2017-10-02 15:00:00');
insert into orderinfo values (102, 58, 40, null, 1, 6500, '2017-11-22 15:00:00');
insert into orderinfo values (103, 59, 44, null, 1, 5000, '2017-12-11 15:00:00');
insert into orderinfo values (104, 60, 82, null, 2, 15000, '2017-03-19 15:00:00');
insert into orderinfo values (105, 60, 96, null, 1, 5000, '2017-04-20 15:00:00');
insert into orderinfo values (106, 61, 98, null, 2, 10000, '2017-04-23 15:00:00');
insert into orderinfo values (107, 63, 99, null, 1, 5000, '2017-04-28 15:00:00');
insert into orderinfo values (108, 66, 100, null, 3, 15000, '2017-05-12 15:00:00');
insert into orderinfo values (109, 70, 102, null, 2, 10000, '2017-05-21 15:00:00');
insert into orderinfo values (110, 71, 106, null, 2, 10000, '2017-05-21 15:00:00');
insert into orderinfo values (111, 74, 101, null, 1, 5000, '2017-05-16 15:00:00');
insert into orderinfo values (112, 74, 112, null, 1, 6000, '2017-06-13 15:00:00');
insert into orderinfo values (113, 79, 107, null, 1, 6000, '2017-06-14 15:00:00');
insert into orderinfo values (114, 79, 130, null, 1, 7000, '2017-07-12 15:00:00');
insert into orderinfo values (115, 80, 109, null, 2, 12000, '2017-06-10 15:00:00');
insert into orderinfo values (116, 81, 110, null, 1, 6000, '2017-06-18 15:00:00');
insert into orderinfo values (117, 88, 111, null, 3, 18000, '2017-06-22 15:00:00');
insert into orderinfo values (118, 91, 113, null, 2, 12000, '2017-06-27 15:00:00');
insert into orderinfo values (119, 98, 113, null, 4, 24000, '2017-06-30 15:00:00');
insert into orderinfo values (120, 98, 128, null, 2, 14000, '2017-07-26 15:00:00');
insert into orderinfo values (121, 101, 114, null, 1, 6000, '2017-07-01 15:00:00');
insert into orderinfo values (122, 101, 125, null, 1, 7000, '2017-07-29 15:00:00');
insert into orderinfo values (123, 105, 108, null, 1, 6000, '2017-06-11 15:00:00');
insert into orderinfo values (124, 106, 109, null, 2, 12000, '2017-06-13 15:00:00');
insert into orderinfo values (125, 108, 113, null, 1, 6000, '2017-06-14 15:00:00');
insert into orderinfo values (126, 109, 114, null, 3, 18000, '2017-06-20 15:00:00');
insert into orderinfo values (127, 110, 114, null, 4, 24000, '2017-06-21 15:00:00');
insert into orderinfo values (128, 110, 177, null, 1, 5500, '2017-09-30 15:00:00');
insert into orderinfo values (129, 113, 116, null, 1, 6000, '2017-07-01 15:00:00');
insert into orderinfo values (130, 114, 115, null, 2, 12000, '2017-07-02 15:00:00');
insert into orderinfo values (131, 114, 167, null, 1, 4500, '2017-08-10 15:00:00');
insert into orderinfo values (132, 114, 178, null, 2, 11000, '2017-09-20 15:00:00');
insert into orderinfo values (133, 116, 115, null, 2, 12000, '2017-06-30 15:00:00');
insert into orderinfo values (134, 117, 117, null, 1, 6000, '2017-07-03 15:00:00');
insert into orderinfo values (135, 120, 118, null, 1, 6000, '2017-07-04 15:00:00');
insert into orderinfo values (136, 120, 148, null, 2, 12000, '2017-08-03 15:00:00');
insert into orderinfo values (137, 120, 178, null, 1, 5500, '2017-08-12 15:00:00');
insert into orderinfo values (138, 120, 180, null, 1, 8000, '2017-10-09 15:00:00');
insert into orderinfo values (139, 122, 119, null, 1, 6000, '2017-07-02 15:00:00');
insert into orderinfo values (140, 123, 120, null, 3, 18000, '2017-07-10 15:00:00');
insert into orderinfo values (141, 127, 123, null, 1, 7000, '2017-07-13 15:00:00');
insert into orderinfo values (142, 128, 125, null, 3, 21000, '2017-07-20 15:00:00');
insert into orderinfo values (143, 129, 125, null, 4, 28000, '2017-07-20 15:00:00');
insert into orderinfo values (144, 130, 127, null, 3, 21000, '2017-07-22 15:00:00');
insert into orderinfo values (145, 131, 129, null, 2, 14000, '2017-08-01 15:00:00');
insert into orderinfo values (146, 131, 163, null, 2, 9000, '2017-08-05 15:00:00');
insert into orderinfo values (147, 132, 131, null, 1, 7000, '2017-08-02 15:00:00');
insert into orderinfo values (148, 132, 132, null, 2, 12000, '2017-08-10 15:00:00');
insert into orderinfo values (149, 138, 134, null, 2, 12000, '2017-08-11 15:00:00');
insert into orderinfo values (150, 139, 136, null, 1, 5000, '2017-08-17 15:00:00');
insert into orderinfo values (151, 140, 137, null, 2, 10000, '2017-08-17 15:00:00');
insert into orderinfo values (152, 141, 140, null, 1, 5000, '2017-08-18 15:00:00');
insert into orderinfo values (153, 141, 173, null, 1, 5500, '2017-09-28 15:00:00');
insert into orderinfo values (154, 141, 181, null, 2, 16000, '2017-10-12 15:00:00');
insert into orderinfo values (155, 142, 141, null, 4, 20000, '2017-08-26 15:00:00');
insert into orderinfo values (156, 146, 143, null, 2, 10000, '2017-08-24 15:00:00');
insert into orderinfo values (157, 147, 145, null, 1, 6000, '2017-08-30 15:00:00');
insert into orderinfo values (158, 148, 142, null, 1, 5000, '2017-08-10 15:00:00');
insert into orderinfo values (159, 148, 146, null, 2, 12000, '2017-09-01 15:00:00');
insert into orderinfo values (160, 148, 150, null, 1, 5000, '2017-09-11 15:00:00');
insert into orderinfo values (161, 148, 174, null, 1, 5500, '2017-09-16 15:00:00');
insert into orderinfo values (162, 148, 194, null, 1, 5000, '2017-10-15 15:00:00');
insert into orderinfo values (163, 151, 147, null, 1, 6000, '2017-09-10 15:00:00');
insert into orderinfo values (164, 151, 151, null, 1, 5000, '2017-09-10 15:00:00');
insert into orderinfo values (165, 152, 147, null, 2, 12000, '2017-09-03 15:00:00');
insert into orderinfo values (166, 155, 149, null, 4, 24000, '2017-09-03 15:00:00');
insert into orderinfo values (167, 156, 150, null, 1, 5000, '2017-09-03 15:00:00');
insert into orderinfo values (168, 157, 151, null, 2, 10000, '2017-09-04 15:00:00');
insert into orderinfo values (169, 160, 153, null, 3, 15000, '2017-09-06 15:00:00');
insert into orderinfo values (170, 161, 153, null, 2, 10000, '2017-09-10 15:00:00');
insert into orderinfo values (171, 162, 154, null, 1, 5000, '2017-09-10 15:00:00');
insert into orderinfo values (172, 166, 158, null, 4, 20000, '2017-09-13 15:00:00');
insert into orderinfo values (173, 168, 160, null, 4, 20000, '2017-09-14 15:00:00');
insert into orderinfo values (174, 170, 160, null, 1, 5000, '2017-09-16 15:00:00');
insert into orderinfo values (175, 170, 176, null, 2, 11000, '2017-09-29 15:00:00');
insert into orderinfo values (176, 170, 181, null, 2, 16000, '2017-10-02 15:00:00');
insert into orderinfo values (177, 172, 162, null, 1, 4500, '2017-09-30 15:00:00');
insert into orderinfo values (178, 172, 174, null, 1, 5500, '2017-10-04 15:00:00');
insert into orderinfo values (179, 172, 180, null, 2, 16000, '2017-10-04 15:00:00');
insert into orderinfo values (180, 172, 187, null, 2, 13000, '2017-10-12 15:00:00');
insert into orderinfo values (181, 173, 164, null, 1, 4500, '2017-09-30 15:00:00');
insert into orderinfo values (182, 174, 164, null, 2, 9000, '2017-10-01 15:00:00');
insert into orderinfo values (183, 175, 167, null, 4, 18000, '2017-10-03 15:00:00');
insert into orderinfo values (184, 177, 173, null, 2, 11000, '2017-10-03 15:00:00');
insert into orderinfo values (185, 178, 174, null, 2, 11000, '2017-10-04 15:00:00');
insert into orderinfo values (186, 178, 175, null, 1, 5500, '2017-09-25 15:00:00');
insert into orderinfo values (187, 178, 181, null, 4, 32000, '2017-10-01 15:00:00');
insert into orderinfo values (188, 178, 186, null, 4, 26000, '2017-10-04 15:00:00');
insert into orderinfo values (189, 178, 194, null, 4, 20000, '2017-10-04 15:00:00');
insert into orderinfo values (190, 179, 179, null, 1, 5500, '2017-10-10 15:00:00');
insert into orderinfo values (191, 179, 180, null, 4, 32000, '2017-10-10 15:00:00');
insert into orderinfo values (192, 180, 181, null, 3, 24000, '2017-10-11 15:00:00');
insert into orderinfo values (193, 180, 174, null, 1, 5500, '2017-09-25 15:00:00');
insert into orderinfo values (194, 180, 182, null, 2, 16000, '2017-10-03 15:00:00');
insert into orderinfo values (195, 180, 189, null, 2, 13000, '2017-10-10 15:00:00');
insert into orderinfo values (196, 180, 195, null, 2, 10000, '2017-10-10 15:00:00');
insert into orderinfo values (197, 181, 182, null, 2, 16000, '2017-10-09 15:00:00');
insert into orderinfo values (198, 181, 190, null, 2, 13000, '2017-10-10 15:00:00');
insert into orderinfo values (199, 181, 196, null, 1, 5000, '2017-10-19 15:00:00');
insert into orderinfo values (200, 184, 183, null, 3, 18000, '2017-10-20 15:00:00');


insert into administrator values (1, "admin", "admin", false);
insert into administrator values (2, "admin1", "admin1", false);
insert into administrator values (3, "admin2", "admin2", false);
insert into administrator values (4, "admin3", "admin3", false);
insert into administrator values (5, "admin4", "admin4", false);
insert into administrator values (6, "admin5", "admin5", false);
insert into administrator values (7, "admin6", "admin6", false);
insert into administrator values (8, "admin7", "admin7", false);
insert into administrator values (9, "admin8", "admin8", false);
insert into administrator values (10, "admin9", "admin9", false);
insert into administrator values (11, "admin10", "admin10", false);

